ID,Group,Feature_1,Feature_2,Feature_3
ID000,A,2175.9003851481407,420.15662600940925,4426.9180253973755
ID001,A,2912.149046967754,396.50368420345893,6753.928719885968
ID002,A,2505.5495746700744,379.8419247124408,5617.439100448019
ID003,A,2463.5133774817386,404.7702997478282,5366.688633706075
ID004,A,1950.1667236688754,389.83296982823924,3901.33532186543
ID005,A,2683.379428362412,398.59193303644304,6057.17861990502
ID006,A,2876.5641101582787,392.439485972037,6667.494900614651
ID007,A,2776.5118858517517,403.0032507999947,6314.51940355528
ID008,A,2327.886980936865,401.7477944656257,4974.921970482466
ID009,A,2839.74928192022,423.3341040674846,6402.577325423236
ID010,A,3012.5285936696378,391.9149730970676,7078.010915523575
ID011,A,2535.691849148997,400.4216067530044,5604.967513681969
ID012,A,2306.9819656743107,386.1454671899202,4990.21856107333
ID013,A,2500.307671065462,403.244876331208,5484.698631540345
ID014,A,2482.7574318540023,396.57690268387796,5465.387782142617
ID015,A,2275.0699928502563,385.33067290592015,4898.556614021169
ID016,A,2191.447661720151,376.5150889911941,4691.767540204482
ID017,A,2617.485991697007,390.99531095455137,5897.481420318265
ID018,A,2823.172149766746,391.2651931923806,6513.190483338334
ID019,A,2430.860969949967,394.45017160664787,5320.332051816662
ID020,A,2593.41958608287,386.38230129748683,5848.347251761176
ID021,A,2807.3596086828225,391.60544596806875,6464.0515962081245
ID022,A,2854.1061158227562,408.77497871149274,6518.443453910804
ID023,A,2757.061417576834,386.08009807407484,6340.783762360127
ID024,A,2515.481329152282,400.06232221973255,5546.132376358182
ID025,A,2631.457656857218,391.80845827370405,5935.330679203134
ID026,A,2582.1752106692693,392.52803175588696,5783.885473228373
ID027,A,2156.4212389783816,405.4984692445243,4441.771370712523
ID028,A,2421.444941926756,389.2223598633116,5318.22302646371
ID029,A,2223.4958584844867,403.8800173871258,4651.087488517831
ID030,A,1893.544125327279,406.3187891251994,3649.0384303558403
ID031,A,2973.6125460653057,397.1340350239351,6935.167463076241
ID032,A,2080.2985736566916,401.8918579920076,4231.436431010037
ID033,A,2470.543011495564,402.9183383037903,5397.03734296774
ID034,A,2668.5416930449446,369.1077647902364,6160.086255183652
ID035,A,2087.108771463342,436.5265604747318,4078.6935120163666
ID036,A,2286.060252197721,391.68274310020087,4899.767041092158
ID037,A,2669.439280096662,406.52850229019646,5975.675328839005
ID038,A,2658.128679407795,389.2511247359736,6028.130414543517
ID039,A,2611.0451802744037,393.47894222204417,5865.7408297129905
ID040,A,2040.2242637898066,390.9683660329227,4165.830961204806
ID041,A,2286.9095022386073,421.906934341488,4751.193835008382
ID042,A,1898.8917226042954,384.82216875173617,3772.564324054205
ID043,A,2684.2999252200525,385.4862991162222,6125.468280079047
ID044,A,2554.8259320788225,403.190818702412,5648.5237027244075
ID045,A,2474.1910961696,407.26796845592554,5386.233446229173
ID046,A,2323.444154139588,409.9629130519294,4920.517897159118
ID047,A,2282.8253028750773,402.81867968040336,4834.382510223216
ID048,A,2641.783969652991,429.58870002676497,5777.4084088251475
ID049,A,2481.1555277945404,410.6136078872816,5390.398543947213
ID050,A,2426.841936824396,370.5323244717521,5427.864188114427
ID051,A,2656.5513190064257,421.3291586507918,5863.008163765318
ID052,A,2589.583985566362,408.0145887274445,5728.679013061865
ID053,A,2651.5308172685945,389.24842579823786,6008.350322814595
ID054,A,2095.1035808328393,388.6114389826105,4342.253547585465
ID055,A,2527.108358026737,374.89437196134145,5706.853214273503
ID056,A,2945.4854297079537,381.90945692829393,6926.909004482391
ID057,A,2785.2336217800835,420.7077762288668,6252.161984195916
ID058,A,2153.1963079020256,382.5812757587636,4546.682544912259
ID059,A,2143.6937904904776,400.5743134152417,4428.209804395225
ID060,A,2654.885998821594,407.48561960014683,5927.229898464048
ID061,A,2301.8623907210786,406.97342728389896,4870.720035743741
ID062,A,1939.303166084836,388.4077756755378,3875.8706198768195
ID063,A,2649.3014326165944,416.4440426949311,5865.684084375128
ID064,A,2382.7417559644805,396.94660990632633,5163.49221836181
ID065,A,2894.728328980791,401.90744530605684,6674.647760412089
ID066,A,2524.5875531592155,398.3506585211672,5582.009366871811
ID067,A,2742.7555000024786,415.53673255440816,6150.582837235395
ID068,A,3361.2311417855826,427.80872424653955,7944.649804124051
ID069,A,2300.8280869687974,397.3362559806522,4915.802981003131
ID070,A,2802.9578697834213,428.52351826193075,6266.256018040609
ID071,A,2382.3393529140326,406.74966382260646,5113.269739629066
ID072,A,2439.2230962732,388.4585039428364,5375.376769105418
ID073,A,2308.583738764148,391.3555826226132,4968.9733031793785
ID074,A,2419.1281908260685,413.7029420320368,5188.869862318023
ID075,A,2749.506357512333,374.87852918006956,6374.126426636652
ID076,A,2573.7831397412197,414.489134421214,5648.90374711759
ID077,A,2337.7247705937903,419.3399087033544,4916.474768264599
ID078,A,2117.428112099637,391.45574528235255,4395.005609887148
ID079,A,2252.835417219371,379.1274805633142,4862.868848841542
ID080,A,2926.9055218581325,393.59521288775204,6812.740501135637
ID081,A,2601.1806552991006,412.31741907866467,5741.954870503979
ID082,A,3089.598517178778,382.7195136997325,7355.197983037671
ID083,A,2129.3414346008926,403.1855439352937,4372.09658412621
ID084,A,2121.9443675222674,392.3795431634462,4403.935386749571
ID085,A,3349.1074785794162,390.859344814131,8093.025711667595
ID086,A,2107.635508007159,394.1865430540453,4351.9738087512505
ID087,A,2119.91976133162,404.4726683664043,4337.395942162839
ID088,A,2530.1140919415907,408.0350884515667,5550.166833566939
ID089,A,1922.197492592953,392.8665997635788,3802.2594789609648
ID090,A,2535.7985621866746,431.7866632928064,5448.462370095992
ID091,A,2490.6809330122087,387.04032725986394,5536.841162737306
ID092,A,2615.2150795226426,404.3610412732512,5823.840032201671
ID093,A,2414.3567244383335,419.4008841453864,5146.065752588068
ID094,A,2757.9507352773508,400.52066296110314,6271.2488910265365
ID095,A,2745.1292621959146,397.8370142941845,6246.202715116821
ID096,A,2485.7087302585737,420.7580847308087,5353.335767121678
ID097,A,2426.494852552901,412.69331862284287,5216.017964544489
ID098,A,1629.1453561201242,410.76674532613265,2833.602341729709
ID099,A,2449.504882253225,422.5310811952835,5235.8592407832575
ID100,A,2336.725745807211,380.07906131943395,5109.7819308244625
ID101,A,2548.594469414262,406.94418435863236,5611.062486449626
ID102,A,2784.933274941684,413.7244389543526,6286.177630053288
ID103,A,2122.0974291706134,388.36237529919447,4424.4804110158675
ID104,A,3050.8757442026304,403.3816933334998,7135.718765940392
ID105,A,2324.624251357241,419.1190962721107,4878.27727271117
ID106,A,2516.851766655519,384.19746968291497,5629.567951551982
ID107,A,2401.671551326326,401.5565822849395,5197.231742554281
ID108,A,2802.2871802725776,404.5977830282477,6383.872625676493
ID109,A,2666.6789256347433,383.9783368361002,6080.145092723728
ID110,A,2653.842747991349,366.2349494155526,6130.353496896284
ID111,A,1808.424613500426,401.22753701163566,3419.1361554430996
ID112,A,2360.3606772803637,413.54023419440836,5013.38086086905
ID113,A,2577.654638076506,405.42468268326854,5705.840500813176
ID114,A,2480.12144585733,427.78718142587877,5301.4284304425955
ID115,A,2795.4132106634497,414.626080825415,6313.109227863274
ID116,A,2582.583664065231,376.0644892976851,5867.428545707267
ID117,A,2332.0735592234287,401.8671972461654,4986.884691439459
ID118,A,2509.8680416055563,407.91074902875397,5490.050379672899
ID119,A,2059.1373653537353,403.48758299881666,4159.974181067122
ID120,A,2395.232062143984,415.03739727675804,5110.509200048162
ID121,A,2229.25186329688,382.46521030276125,4775.429538376833
ID122,A,2634.464620725774,395.1087629570791,5927.850047391926
ID123,A,2696.457142861462,358.7817144801564,6295.462856183605
ID124,A,2553.3973271688533,414.8020287804191,5586.181837604464
ID125,A,2234.8576185343686,391.2137540640114,4748.504085283049
ID126,A,2237.0255826095236,391.07151619939344,4755.719166831604
ID127,A,2523.9792637595406,405.95139531606276,5542.1808146983085
ID128,A,2993.859573325507,407.727199497221,6942.942722490417
ID129,A,2437.9610706414155,391.72168539240863,5355.274784962204
ID130,A,2312.3993679735504,417.10296798492163,4851.683263996043
ID131,A,2789.078524846858,413.79244985797556,6298.273325250695
ID132,A,2358.767968186517,416.0599939609973,4996.003934754564
ID133,A,3098.1271997062177,402.7673966159003,7280.544616039151
ID134,A,2511.888573637992,375.1606588799168,5659.862426514392
ID135,A,2647.9564591724825,384.29015814673585,6022.418586783768
ID136,A,2187.473766776593,420.45891402881176,4460.126730185721
ID137,A,2416.155126671825,381.0242014844125,5343.344372593413
ID138,A,3107.8560103691434,380.3465928376009,7421.835066919426
ID139,A,2442.721239233953,413.7407847389623,5259.459794007047
ID140,A,2957.4994723874697,417.698616879162,6784.005332766599
ID141,A,2174.3722779952745,414.28511856235207,4451.691241174063
ID142,A,2565.345529071267,392.0096005422232,5735.988584502685
ID143,A,2141.272308391799,394.7986350485194,4449.823749932801
ID144,A,2538.856849271133,427.0426697662491,5481.357198982153
ID145,A,1944.8024401459356,392.809432677776,3870.3601570489272
ID146,A,2351.3361069228486,377.5401625060148,5166.307508238471
ID147,A,2713.971540513262,380.44788681058674,6239.675187486852
ID148,A,2435.578097770308,396.0676600271177,5326.395993175335
ID149,A,2452.60688700201,406.1945589504673,5326.847866253693
ID150,A,2120.720324948625,377.5067378070097,4474.627285810828
ID151,A,2382.101880750607,413.3716992079191,5079.447146212226
ID152,A,2778.0289004054775,409.37827044844244,6287.195348974221
ID153,A,1905.2244382379467,386.5527992553233,3782.9093184372236
ID154,A,2887.453593133714,392.45535140606694,6700.084022370807
ID155,A,2941.548748123918,402.80914451671043,6810.600521788201
ID156,A,2195.8754496918236,388.3217828112354,4646.017435019294
ID157,A,2224.878540876522,407.23282201647856,4638.471512547174
ID158,A,2353.4103051111947,375.83088637355746,5181.0764834657975
ID159,A,2910.091948715194,441.28065357734874,6523.872578258837
ID160,A,2387.6883338684097,378.95836824118715,5268.273160399294
ID161,A,2858.9680993857164,398.385110902585,6584.978743644224
ID162,A,2064.3488995033667,389.16514787991724,4247.220959110514
ID163,A,2288.368224910388,419.6803332252608,4766.703008604861
ID164,A,3044.3826666273953,421.8775719663641,7023.7601400503645
ID165,A,2490.489239103792,424.19094129580657,5350.513010832343
ID166,A,2991.719227612656,404.291974729067,6953.697809192634
ID167,A,3100.579207014665,397.135624990764,7316.059496090174
ID168,A,3144.491104950261,387.2550895319815,7497.197867190876
ID169,A,2135.9236562267556,409.5161924446132,4360.1900064572
ID170,A,2305.1678445541866,392.96489116963807,4950.6790778143695
ID171,A,2826.3744593237057,400.2143997643761,6478.051379149236
ID172,A,2470.721660983974,395.02740839507015,5437.02794097657
ID173,A,2639.604526457125,373.676424634315,6050.4314561998
ID174,A,2477.0784433540607,391.71062348825495,5472.682212620907
ID175,A,2698.8274374315656,416.0959339818324,6016.002642385534
ID176,A,2722.46383644239,369.70787928915297,6318.8521128814045
ID177,A,2279.61275458945,378.6863588145928,4945.4064696953865
ID178,A,1702.4989591041744,397.34083183027536,3120.7927181611467
ID179,A,2655.552122186878,394.64951928942645,5993.408770113501
ID180,A,2500.950797657513,415.5684141159906,5425.010322392585
ID181,A,2380.5194543894027,402.95930354675,5126.761845434457
ID182,A,2395.962559822643,399.3386641997744,5191.194358469057
ID183,A,2178.84949653127,427.1008191958222,4401.0443936146985
ID184,A,2005.5195544851247,416.82662457226695,3932.425540594039
ID185,A,2783.3851725191653,391.6584403847769,6391.863315633611
ID186,A,2349.1867632067774,403.9204195164797,5027.958192037934
ID187,A,2229.272657544613,387.10935593381157,4752.271192964781
ID188,A,2234.753549824175,392.6495489149869,4741.0129048975905
ID189,A,2789.828971552713,417.3463649775949,6282.755089770164
ID190,A,3108.6554471200297,405.85825976401725,7296.675042540004
ID191,A,2358.497155885217,406.0218714657672,5045.382110326815
ID192,A,2640.399510833991,396.4460639146892,5938.968212928527
ID193,A,2427.5350904709385,396.4543642238079,5300.333450293776
ID194,A,2784.9108081671607,389.40798811122005,6407.692483945382
ID195,A,2449.005157467754,440.33600331414624,5145.33545583253
ID196,A,2790.000585887974,395.31264971723135,6393.438509077765
ID197,A,2200.51901664877,403.87229599678415,4582.1955699623895
ID198,A,2436.842627154176,389.9567782859577,5360.743990032741
ID199,A,2491.0384637972556,373.0886311117307,5607.6722358331135
ID200,A,2286.999956409781,390.6401185321746,4907.79927656847
ID201,A,2600.9238126838927,380.62038992435646,5899.669488429896
ID202,A,2882.618360433273,393.611941211901,6679.7953752403155
ID203,A,2916.240198078808,383.33533095354073,6832.04393946872
ID204,A,2801.8997519312993,397.59629528194716,6417.717779384162
ID205,A,2518.7163303616685,399.84743113396854,5556.911835415162
ID206,A,2854.4126841759453,396.64051564013465,6580.035474327162
ID207,A,2127.1143130596593,406.2009912113546,4350.337983122205
ID208,A,2421.2113264195186,403.22017386896965,5247.533109913707
ID209,A,2870.597027887788,393.7305960677305,6643.138103324711
ID210,A,2341.5073456073637,365.68319822798634,5196.106045682159
ID211,A,2284.6425227444875,408.20073372529765,4812.923899606974
ID212,A,2334.452362268093,382.87454220801214,5088.984375764218
ID213,A,2406.3906441927775,407.19992327273496,5183.172316214657
ID214,A,2394.088905937773,431.43669852582076,5025.083225184214
ID215,A,2355.5479167201975,378.8020788217094,5172.633356052045
ID216,A,2352.540531045782,382.13296390134616,5146.956773630614
ID217,A,2207.0229868131864,368.73005771704584,4777.41867185433
ID218,A,1882.68524421675,394.8614710644582,3673.748377327959
ID219,A,2346.0364961492573,399.18791537511174,5042.169911572213
ID220,A,2279.412984919711,388.08561243520154,4897.810892583126
ID221,A,2269.7766741498617,407.3931218562971,4772.364413168099
ID222,A,2059.2759087544514,391.5403115473079,4220.126168526815
ID223,A,2582.4637055222647,406.2147965822453,5716.317133655568
ID224,A,2867.7293499846155,413.7321712851868,6534.527193527912
ID225,A,2391.1528867907214,381.08114715794403,5268.052924582444
ID226,A,2984.936426250658,381.25319587531413,7048.543299375404
ID227,A,1957.7677401874512,420.0071947404969,3773.2672468598685
ID228,A,2186.7921194857686,374.1904372382307,4689.424172266153
ID229,A,2228.2657748529346,404.81140331386723,4660.7403079894675
ID230,A,2565.6828018242363,426.1143998654719,5566.47640614535
ID231,A,2501.684323445907,409.0713661668892,5459.696139503276
ID232,A,2930.6098185354153,398.21423690982203,6800.758271057137
ID233,A,2080.6607703064133,399.0995559095163,4246.484531371659
ID234,A,2287.912597803276,387.22636421023435,4927.605972358657
ID235,A,2730.4384071717236,375.7769607143408,6312.430417943468
ID236,A,2442.086800475283,392.3618426393625,5364.451188229036
ID237,A,2582.645847900048,425.04245293427533,5622.7252790287675
ID238,A,2284.942100050256,396.2967361906016,4873.3426191977605
ID239,A,2720.6211622302258,431.30909233647617,6005.318025008297
ID240,A,3153.7014253119696,401.29793517814267,7454.6146000451945
ID241,A,2349.7403531835275,384.3083916971275,5127.679101064945
ID242,A,2272.312742915409,394.98451038276795,4842.015676832388
ID243,A,1934.0391873142664,401.7397043385091,3793.419040250254
ID244,A,2388.07567028354,395.0902150083515,5188.775935808862
ID245,A,2417.2510979171366,379.8355620382864,5352.575483559978
ID246,A,2934.17773751593,398.0540935265132,6812.262744915224
ID247,A,2615.060265089844,394.5856756030177,5872.252417254444
ID248,A,3012.411219580873,418.73640136669957,6943.55165190912
ID249,A,2215.1690383962523,387.71138671924615,4706.950181592526
ID250,A,2189.8698056142907,407.4970702194897,4532.124065745424
ID251,A,2622.3519545458826,389.79484684839707,5918.081629395663
ID252,A,2847.1120717698914,375.410223676558,6664.285096926885
ID253,A,2406.455641960068,388.29999934530764,5277.866929153665
ID254,A,2214.5517752207015,383.95712033840636,4723.869723970072
ID255,A,2187.4628394433084,418.1910423837176,4471.433306411337
ID256,A,2515.048697172161,395.15857068037957,5569.353238114585
ID257,A,2043.5072740811306,443.14245532229586,3914.809545631913
ID258,A,2510.3399101687264,383.99312278751205,5611.054116568619
ID259,A,2647.3610427373656,383.93090943074947,6022.428581058349
ID260,A,2301.4850408036177,400.0443076312476,4904.2335842546145
ID261,A,2748.9667451774976,396.1050794054997,6266.374838504993
ID262,A,2361.177064485922,363.61909428565235,5265.435722029504
ID263,A,2328.089950890016,394.01140876161213,5014.2128088619875
ID264,A,2821.467776494348,381.62141940418087,6556.29623246214
ID265,A,2449.8692082530206,401.1053326638145,5344.08096143999
ID266,B,2166.111291698655,430.98033235555965,4332.22258339731
ID267,B,2553.0169590593673,413.00079315783216,5106.033918118735
ID268,B,2437.6870795281047,405.0624023697584,4875.3741590562095
ID269,B,2240.5146219736475,399.321375401357,4481.029243947295
ID270,B,2583.216109010008,378.11229157258936,5166.432218020016
ID271,B,2093.1637848658165,404.7150894681958,4186.327569731633
ID272,B,2428.144024802186,407.43430885877183,4856.288049604372
ID273,B,2652.5460338295793,372.6783957252267,5305.092067659159
ID274,B,2531.922710217191,417.5668844432284,5063.845420434382
ID275,B,3184.8395780812903,386.35278715278383,6369.6791561625805
ID276,B,2564.4843466703046,386.9041213823813,5128.968693340609
ID277,B,1945.2416163335502,389.24927454743533,3890.4832326671003
ID278,B,2390.968848955654,405.79878677210974,4781.937697911308
ID279,B,2638.1802594760225,392.15509538102305,5276.360518952045
ID280,B,2620.522683167346,423.7443732806455,5241.045366334692
ID281,B,2581.5968417409626,418.2453124093201,5163.193683481925
ID282,B,2549.214486298861,370.5004909494983,5098.428972597722
ID283,B,2843.8452899365816,424.0853119985719,5687.690579873163
ID284,B,2403.202031081723,382.39103727627395,4806.404062163446
ID285,B,2922.427792575067,407.1891092270252,5844.855585150134
ID286,B,2591.770387855709,398.13465854274864,5183.540775711418
ID287,B,2496.57612937024,404.8363938540654,4993.15225874048
ID288,B,2324.1314365351063,376.64279216490854,4648.262873070213
ID289,B,2229.544349900216,397.93204890668335,4459.088699800432
ID290,B,2225.212757470271,394.26971198073386,4450.425514940542
ID291,B,2533.698952488937,397.2188121384131,5067.397904977874
ID292,B,2808.409497656915,418.9135792600899,5616.81899531383
ID293,B,2562.906200052169,400.2820509909566,5125.812400104338
ID294,B,1707.8047913403475,392.52297865295736,3415.609582680695
ID295,B,2845.496950647664,392.50913569795483,5690.993901295328
ID296,B,2799.568896014606,439.01774607905213,5599.137792029212
ID297,B,2666.7896493328467,389.84800580361514,5333.579298665693
ID298,B,2624.836060000016,399.19435447967396,5249.672120000032
ID299,B,1998.8759929562798,397.55295305394617,3997.7519859125596
ID300,B,2391.651144491731,426.78008451558145,4783.302288983462
ID301,B,2259.4225685688775,407.7183339875766,4518.845137137755
ID302,B,2703.234578147489,387.00467256422513,5406.469156294978
ID303,B,2830.9576255643756,386.2364658636425,5661.915251128751
ID304,B,2206.96850722655,381.5116000753271,4413.9370144531
ID305,B,2434.4764634577236,402.09067657489504,4868.952926915447
ID306,B,2509.2279919460584,403.3280983201197,5018.455983892117
ID307,B,1867.3617000564777,385.2672244961255,3734.7234001129555
ID308,B,2010.9910022127572,382.04296307644506,4021.9820044255143
ID309,B,2519.709511847403,400.3252282278849,5039.419023694806
ID310,B,2629.997196338771,380.3887940592105,5259.994392677542
ID311,B,2960.1619244135713,408.691821872026,5920.323848827143
ID312,B,3116.8704459977525,409.7519983793314,6233.740891995505
ID313,B,2426.7235139052477,427.7814519600026,4853.4470278104955
ID314,B,2665.4016774795127,408.4640849888012,5330.8033549590255
ID315,B,2576.277553940928,406.92214395767814,5152.555107881856
ID316,B,2720.4703920897446,386.8228132449144,5440.940784179489
ID317,B,2648.861179100246,422.2846538764949,5297.722358200492
ID318,B,2161.2471227599776,416.76933720260473,4322.494245519955
ID319,B,2829.0066538041,412.86302562140867,5658.0133076082
ID320,B,2379.0155058914406,376.9406737809262,4758.031011782881
ID321,B,2562.846374541653,409.9136695086796,5125.692749083306
ID322,B,3016.3101016096844,408.3920865619515,6032.620203219369
ID323,B,2566.3846380060522,405.08708004998294,5132.7692760121045
ID324,B,2774.0933036555907,420.99081572808336,5548.186607311181
ID325,B,2302.8921443648032,428.1510757290743,4605.7842887296065
ID326,B,3252.4865632100395,389.5316334559566,6504.973126420079
ID327,B,2065.463158136014,394.704517394914,4130.926316272028
ID328,B,2784.86603493928,388.7311593511655,5569.73206987856
ID329,B,2285.0844326500505,393.93295289341546,4570.168865300101
ID330,B,2513.518681988014,396.49253839183325,5027.037363976028
ID331,B,2820.2402628053487,391.76282949722986,5640.480525610697
ID332,B,2725.773810592279,422.0270777910063,5451.547621184558
ID333,B,2245.1229903804415,390.42647252701374,4490.245980760883
ID334,B,3044.3628926174024,407.3124674839583,6088.725785234805
ID335,B,2518.337766829229,409.50643432213127,5036.675533658458
ID336,B,2717.0654283407403,415.1235191601962,5434.1308566814805
ID337,B,2796.9105804337614,382.738732074714,5593.821160867523
ID338,B,2711.005728419903,397.34294763255417,5422.011456839806
ID339,B,2604.2996370487003,400.7566182743208,5208.599274097401
ID340,B,2753.6310174251184,403.6377857089638,5507.262034850237
ID341,B,2358.136899767793,418.9417887449495,4716.273799535586
ID342,B,2870.3495073805298,407.5193475106426,5740.6990147610595
ID343,B,2588.918410588004,388.81182381713535,5177.836821176008
ID344,B,3068.1540576199613,388.05623542681604,6136.308115239923
ID345,B,2202.476712247532,357.5262409330804,4404.953424495064
ID346,B,2785.708681276914,382.7840061345424,5571.417362553828
ID347,B,2448.82854191708,416.0391111318517,4897.65708383416
ID348,B,3064.2650345084294,394.52741595639026,6128.530069016859
ID349,B,2872.2681123428206,427.7966558813312,5744.536224685641
ID350,B,2240.971389169268,390.0143734887058,4481.942778338536
ID351,B,2352.622437872315,398.78884053376515,4705.24487574463
ID352,B,2231.124522449297,394.46037731046806,4462.249044898594
ID353,B,1903.0601825531726,412.6370169778854,3806.120365106345
ID354,B,2214.4406394783923,407.233848496789,4428.881278956785
ID355,B,2608.3277823559924,403.17657469349894,5216.655564711985
ID356,B,2366.287285281621,388.23194124025827,4732.574570563242
ID357,B,2464.2175077988295,410.85696912160336,4928.435015597659
ID358,B,2603.4556912824282,372.8262431420131,5206.9113825648565
ID359,B,2314.0269918065856,411.9546781500174,4628.053983613171
ID360,B,2099.8381709862138,428.80813565801355,4199.6763419724275
ID361,B,2324.24086654343,388.2132271609474,4648.48173308686
ID362,B,2698.3845144592347,390.808898268773,5396.769028918469
ID363,B,2013.666550025977,384.50534307216685,4027.333100051954
ID364,B,2785.2171148487205,396.86580377706775,5570.434229697441
ID365,B,2448.9752419038605,407.1221540213653,4897.950483807721
ID366,B,2188.323766548462,378.5564570093119,4376.647533096924
ID367,B,2975.1465213005868,411.5864780373591,5950.2930426011735
ID368,B,2315.8272198519567,425.705241222405,4631.654439703913
ID369,B,2743.025465811107,419.4265669515079,5486.050931622214
ID370,B,1970.1323228669255,378.85540890455457,3940.264645733851
ID371,B,2221.3677654668845,396.349013230597,4442.735530933769
ID372,B,2932.6791251611103,396.2314846571654,5865.358250322221
ID373,B,1932.8830560683557,375.0202590625366,3865.7661121367114
ID374,B,2570.920979946853,391.4726850337821,5141.841959893706
ID375,B,2489.4709058775497,418.89748622220566,4978.9418117550995
ID376,B,2371.626554759127,395.79140540349874,4743.253109518254
ID377,B,2826.5212088889407,392.89735097365514,5653.042417777881
ID378,B,2687.9414125889475,412.2531130183738,5375.882825177895
ID379,B,2106.901176496244,409.81065646889874,4213.802352992488
ID380,B,2110.524333512335,408.62884914595037,4221.04866702467
ID381,B,2773.7951296680126,391.7448812441248,5547.590259336025
ID382,B,2578.341840924966,395.2630288611622,5156.683681849932
ID383,B,2639.6833849882055,386.1376586043931,5279.366769976411
ID384,B,2412.9478542650736,431.001029971509,4825.895708530147
ID385,B,2646.382492380285,411.7436022541145,5292.76498476057
ID386,B,2267.1158700277183,396.5674794118164,4534.231740055437
ID387,B,2716.4656954626907,402.4276379861985,5432.9313909253815
ID388,B,2242.955929793024,415.7067830477534,4485.911859586048
ID389,B,2646.1636694571616,395.14417534598823,5292.327338914323
ID390,B,2023.6757719112534,370.34621497970625,4047.3515438225068
ID391,B,2710.6994791295147,419.58086020218764,5421.398958259029
ID392,B,2086.675032293613,386.0789761563637,4173.350064587226
ID393,B,2487.6245514194393,389.7787166609973,4975.249102838879
ID394,B,2399.547930154559,388.11023914425,4799.095860309118
ID395,B,2523.2018556081443,404.11344815356756,5046.403711216289
ID396,B,2883.7427489259535,378.58870000734385,5767.485497851907
ID397,B,2513.9099516410256,408.58018518802464,5027.819903282051
ID398,B,2650.5697220066822,409.1004206427555,5301.1394440133645
ID399,B,2127.5256456522166,378.9021332495428,4255.051291304433
ID400,B,2489.636119235337,405.72112959295526,4979.272238470674
ID401,B,3092.8426750727645,398.7436853212281,6185.685350145529
ID402,B,2522.399240094715,378.7414148918919,5044.79848018943
ID403,B,2525.776478280619,386.20435476542673,5051.552956561238
ID404,B,2522.671223879999,424.27772999852033,5045.342447759998
ID405,B,2468.170661185555,374.8561651324753,4936.34132237111
ID406,B,2742.699449459442,385.8743836559461,5485.398898918884
ID407,B,2232.484115557763,403.39354934694745,4464.968231115526
ID408,B,2615.1027844843006,388.1848473537265,5230.205568968601
ID409,B,2687.717402091768,419.20000586266974,5375.434804183536
ID410,B,2269.945014823742,407.74076263736805,4539.890029647484
ID411,B,2560.67423220909,401.5794134959518,5121.34846441818
ID412,B,3080.185474395504,396.74381783981846,6160.370948791008
ID413,B,2528.3017625148022,415.3370309136609,5056.6035250296045
ID414,B,2675.7758016153966,384.87316751594955,5351.551603230793
ID415,B,2198.7013491491853,411.10568674760304,4397.4026982983705
ID416,B,2781.557324219704,410.6787130684797,5563.114648439408
ID417,B,2229.14804424467,395.97635700597596,4458.29608848934
ID418,B,2797.008271177795,413.7677745883769,5594.01654235559
ID419,B,2554.6034204090365,389.60033996394367,5109.206840818073
ID420,B,2207.1680110834777,399.72700535381813,4414.336022166955
ID421,B,3021.3397825458073,408.16880262715983,6042.679565091615
ID422,B,2583.9372031427115,365.2600117652128,5167.874406285423
ID423,B,2901.8769995718917,390.38884687991407,5803.753999143783
ID424,B,2139.7310163152856,385.41989163331647,4279.462032630571
ID425,B,2495.3588988020642,385.19029963291183,4990.7177976041285
ID426,B,2558.4731336705186,384.8907070091698,5116.946267341037
ID427,B,2747.3217457254186,399.32526310698677,5494.643491450837
ID428,B,2967.252656306724,409.80300902775394,5934.505312613448
ID429,B,2629.8669893093274,420.0822291654261,5259.733978618655
ID430,B,2392.584232718284,422.78110888091254,4785.168465436568
ID431,B,2130.3860199758733,401.0926417396374,4260.772039951747
ID432,B,2526.642126135354,405.1394700506583,5053.284252270708
ID433,B,2344.7669217834427,420.62054374953055,4689.5338435668855
ID434,B,2564.989162627753,410.82427648871254,5129.978325255506
ID435,B,2654.2708791945483,379.9057901547919,5308.541758389097
ID436,B,2647.6083352203714,406.80906437361523,5295.216670440743
ID437,B,2883.7875024133536,420.72648106755844,5767.575004826707
ID438,B,2351.443993501587,398.7095756811351,4702.887987003174
ID439,B,2152.8576221903622,402.13471088165966,4305.7152443807245
ID440,B,2487.8071468213666,382.639000143452,4975.614293642733
ID441,B,2374.847888220705,374.11288402963015,4749.69577644141
ID442,B,2367.780445889378,391.48664947402824,4735.560891778756
ID443,B,1887.900693409364,392.9743029610212,3775.801386818728
ID444,B,2358.6104812698145,411.4362182710599,4717.220962539629
ID445,B,2068.7778216097363,418.5058894087685,4137.555643219473
ID446,B,2602.52749559746,401.0855135778568,5205.05499119492
ID447,B,2890.5106936464813,408.9265569081899,5781.021387292963
ID448,B,2494.8365423856626,402.83934091881497,4989.673084771325
ID449,B,2124.633620656826,401.58430998890015,4249.267241313652
ID450,B,2380.957960192435,399.07395746733573,4761.91592038487
ID451,B,2397.9935288101524,399.2019807090514,4795.987057620305
ID452,B,2096.6071171353046,395.01418728634394,4193.214234270609
ID453,B,2376.1117568311597,410.4083398597712,4752.223513662319
ID454,B,2034.3164132471045,423.27310730851656,4068.632826494209
ID455,B,2893.0745574944062,398.2181924657072,5786.1491149888125
ID456,B,2358.461016323308,373.3519736710344,4716.922032646616
ID457,B,2108.5547070343687,406.53318479863077,4217.109414068737
ID458,B,2719.877242742809,389.80285972027434,5439.754485485618
ID459,B,2312.756757325957,394.0271427203982,4625.513514651914
ID460,B,2975.4333767754442,422.3056059039581,5950.8667535508885
ID461,B,2568.756312882323,388.85877982369004,5137.512625764646
ID462,B,3094.76600807053,360.6881890499713,6189.53201614106
ID463,B,2153.3991896299526,413.5726467173444,4306.798379259905
ID464,B,2593.45314899941,411.5979873406569,5186.90629799882
ID465,B,2561.951481935939,438.85500967512553,5123.902963871878
ID466,B,2391.3547480983034,404.80740079800074,4782.709496196607
ID467,B,3017.9545075339165,416.3945628793598,6035.909015067833
ID468,B,2259.140059572828,405.98303164698615,4518.280119145656
ID469,B,2208.6158907992212,397.1714954948292,4417.2317815984425
ID470,B,2570.9878932062898,399.9702701706642,5141.9757864125795
ID471,B,2318.984146139136,406.4787897688111,4637.968292278272
ID472,B,2469.560245817994,387.9551923521983,4939.120491635988
ID473,B,2371.626019161427,387.7396726215143,4743.252038322854
ID474,B,2599.71196159674,384.05305253266266,5199.42392319348
ID475,B,2787.9606962089106,421.33560490819957,5575.921392417821
ID476,B,2150.7364670178836,385.00929269393305,4301.472934035767
ID477,B,2350.1769958419923,401.4994600317627,4700.3539916839845
ID478,B,2151.001217126884,371.58620308128275,4302.002434253768
ID479,B,2654.086407872851,374.712805616311,5308.172815745702
ID480,B,3113.030620327695,386.2599281343555,6226.06124065539
ID481,B,2304.7374295164773,405.7744330616367,4609.474859032955
ID482,B,2406.6283902769765,434.80790180836436,4813.256780553953
ID483,B,2035.711029208846,421.2593084042927,4071.422058417692
ID484,B,2339.647650388354,396.48565096791236,4679.295300776708
ID485,B,2193.6418018917857,387.7850700863928,4387.283603783571
ID486,B,2380.9183531622953,369.9078325311394,4761.8367063245905
ID487,B,2453.4639988114855,392.5772473376163,4906.927997622971
ID488,B,2407.550607279126,399.6616797543855,4815.101214558252
ID489,B,2390.385222812703,411.6452422231443,4780.770445625406
ID490,B,2133.9316919949097,407.6225404627462,4267.863383989819
ID491,B,2417.636745784421,395.5866410389077,4835.273491568842
ID492,B,2850.8780271415053,386.9323900790453,5701.756054283011
ID493,B,3047.881664161303,408.76688018144915,6095.763328322606
ID494,B,2110.401320414072,425.4478464735633,4220.802640828144
ID495,B,2294.2096621990827,418.99196613140003,4588.419324398165
ID496,B,2426.9521233994315,426.58575054384227,4853.904246798863
ID497,B,2652.6253208259304,396.5960185332668,5305.250641651861
ID498,B,2447.933105501166,411.5284437128002,4895.866211002332
ID499,B,2402.093857069395,414.0937306193705,4804.18771413879
ID500,B,2256.4665532679765,403.85971193308814,4512.933106535953
ID501,B,2015.5676402877452,403.18411911366303,4031.1352805754905
ID502,B,2368.934858610288,412.85290574534537,4737.869717220576
ID503,B,2724.1843095161,396.23820361063946,5448.3686190322
ID504,B,2106.234276951832,381.6379655896111,4212.468553903664
ID505,B,2775.961114416461,380.2629322852358,5551.922228832922
ID506,B,2786.1458740066237,395.93030467692745,5572.291748013247
ID507,B,3030.3194215233793,380.79198186704355,6060.638843046759
ID508,B,2495.8813837922235,389.57828305222193,4991.762767584447
ID509,B,1814.182878358832,377.0656538831604,3628.365756717664
ID510,B,2533.405521170023,374.9833969466273,5066.811042340046
ID511,B,2510.013824763301,405.8782581731604,5020.027649526602
ID512,B,2358.530986168978,403.7647453616545,4717.061972337956
ID513,B,2523.042097623831,390.5174707213849,5046.084195247662
ID514,B,2730.2386948387616,428.40131536255495,5460.477389677523
ID515,B,2412.721631662406,383.6142035170021,4825.443263324812
ID516,B,2347.579700249087,394.73062127521194,4695.159400498174
ID517,B,2713.0271782009313,406.66888534536247,5426.054356401863
ID518,B,2579.6556514324047,416.3863314010547,5159.3113028648095
ID519,B,3304.285900638066,379.2232993412622,6608.571801276132
ID520,B,2560.057158261547,363.9059266651832,5120.114316523094
ID521,B,2671.353910201963,408.24332472014686,5342.707820403926
ID522,B,2810.956902354171,369.3824545127733,5621.913804708342
ID523,B,2640.5399260884647,413.43337167782647,5281.079852176929
ID524,B,2302.4684081615906,414.57342111546996,4604.936816323181
ID525,B,2647.6624802553133,422.6720876421145,5295.324960510627
ID526,B,2185.637168981198,392.4933198710842,4371.274337962396
ID527,B,2507.749143056241,384.45297865783556,5015.498286112482
ID528,B,2161.7479166436938,391.5834587749373,4323.4958332873875
ID529,B,1832.1558382911037,396.72910548733483,3664.3116765822074
ID530,B,2912.405827090649,396.6955256542204,5824.811654181298
ID531,B,2705.1492330481656,421.1739508324771,5410.298466096331
ID532,B,2661.738906618835,403.4517670881063,5323.47781323767
ID533,C,2100.862298148333,368.95826554594623,-1731.904032602387
ID534,C,2226.1898923742415,396.22751490306024,-1829.9623774711813
ID535,C,2182.233704695626,397.90333955268,-1784.330365142946
ID536,C,2639.2761316876276,408.3064485591206,-2230.969683128507
ID537,C,2604.655992395354,381.1165189976098,-2223.5394733977446
ID538,C,2363.2122499559287,403.86764349328035,-1959.3446064626482
ID539,C,2181.885217601931,403.8578031651105,-1778.0274144368204
ID540,C,3321.2517299373912,392.36026320411645,-2928.8914667332747
ID541,C,1702.7004518453984,365.5073355574583,-1337.19311628794
ID542,C,2711.669442577323,392.9565839329021,-2318.712858644421
ID543,C,2052.0416514394533,410.929581755856,-1641.1120696835974
ID544,C,3111.618886238879,412.56700964718664,-2699.0518765916922
ID545,C,2688.297859892572,396.15447464510544,-2292.1433852474665
ID546,C,2345.775075457757,414.26255692225794,-1931.5125185354989
ID547,C,2863.5209928334584,402.5573799164454,-2460.963612917013
ID548,C,2893.211863956253,415.55589093240775,-2477.6559730238455
ID549,C,2481.656315214368,402.6419437002119,-2079.014371514156
ID550,C,2058.937917333013,406.6584535774943,-1652.2794637555187
ID551,C,2832.167714649006,439.44645424642874,-2392.721260402577
ID552,C,2151.3265203935425,380.5283707331278,-1770.7981496604148
ID553,C,2402.4508831971025,439.32649914783065,-1963.1243840492718
ID554,C,3262.069297451449,402.40136963962965,-2859.6679278118195
ID555,C,1902.54819350943,380.2168556954269,-1522.331337814003
ID556,C,2817.995489957005,389.50919894631687,-2428.486291010688
ID557,C,2764.608782178486,412.81294632606205,-2351.795835852424
ID558,C,2723.3271127211465,402.13087434130074,-2321.196238379846
ID559,C,2573.149968464268,391.86730441120824,-2181.2826640530598
ID560,C,2089.237314759259,382.405176205388,-1706.832138553871
ID561,C,2711.570340514998,392.4597400123666,-2319.1106005026313
ID562,C,2730.505657815356,400.06589791460095,-2330.439759900755
ID563,C,2705.9800852089625,394.93360345280365,-2311.0464817561588
ID564,C,2478.1131669072706,424.50295549043136,-2053.6102114168393
ID565,C,2230.088267764901,391.79220512483505,-1838.2960626400659
ID566,C,2736.6554159822795,416.0183616910732,-2320.6370542912064
ID567,C,2376.658288937488,416.1991169155024,-1960.4591720219858
ID568,C,2190.6417064771335,380.0951530125436,-1810.54655346459
ID569,C,2704.9935046421106,379.289058226147,-2325.7044464159635
ID570,C,2832.0889842355946,405.9185219010465,-2426.170462334548
ID571,C,2104.8779195638936,415.8509457133793,-1689.0269738505142
ID572,C,2309.9436167724866,375.4567409359518,-1934.4868758365349
ID573,C,1801.926458120633,385.63848628757205,-1416.287971833061
ID574,C,2636.3171959732163,382.85067885039365,-2253.4665171228226
ID575,C,2437.9875283816305,411.1896482000047,-2026.7978801816257
ID576,C,2592.683302537989,400.7532040457927,-2191.9300984921965
ID577,C,2621.837619925425,425.2613940001606,-2196.576225925264
ID578,C,2604.2242983218553,386.21979009797474,-2218.0045082238803
ID579,C,2669.414964219221,369.5719956230702,-2299.842968596151
ID580,C,2055.7872074796664,426.15918218311145,-1629.628025296555
ID581,C,2450.5929698365485,428.59571308139385,-2021.9972567551547
ID582,C,2397.9185254309095,386.3064811407619,-2011.6120442901477
ID583,C,2245.591527763078,401.6764897983771,-1843.9150379647008
ID584,C,2520.6955061136823,399.56579572442485,-2121.1297103892575
ID585,C,2926.0135791513408,375.42119922846194,-2550.592379922879
ID586,C,2745.6565408892757,399.31615504106674,-2346.340385848209
ID587,C,2394.6884933389583,399.2871270354326,-1995.4013663035257
ID588,C,2445.2296164297936,424.7802539699024,-2020.4493624598913
ID589,C,2525.7324353683057,427.55579505822857,-2098.1766403100773
ID590,C,2228.8656260399857,391.1223891168392,-1837.7432369231465
ID591,C,2469.261987844499,384.0840074546261,-2085.1779803898726
ID592,C,2520.1046683375916,394.60184700389146,-2125.5028213337
ID593,C,2679.0723524296773,374.79660055652863,-2304.2757518731487
ID594,C,2587.9595918233135,388.2322240686004,-2199.727367754713
ID595,C,2736.6765747965296,424.76983924746963,-2311.90673554906
ID596,C,2566.985913130208,378.4582795894,-2188.527633540808
ID597,C,2275.937449739166,395.02957241636716,-1880.9078773227989
ID598,C,3243.355551329549,408.7775852900699,-2834.577966039479
ID599,C,2985.6108940959775,407.83010110105084,-2577.7807929949267
ID600,C,2855.4467951583706,377.7150252174077,-2477.7317699409627
ID601,C,2599.585560258698,399.34900246966043,-2200.2365577890378
ID602,C,2618.6188536894424,379.03333314509115,-2239.5855205443513
ID603,C,2578.3222967455927,385.6434140987447,-2192.678882646848
ID604,C,2516.098539144392,409.88245747083573,-2106.2160816735563
ID605,C,2660.3712521773496,394.3162565816155,-2266.054995595734
ID606,C,2368.2385771685,385.56141308633573,-1982.6771640821642
ID607,C,2608.19785071441,392.2649173697541,-2215.932933344656
ID608,C,1972.091542413276,398.63039727596055,-1573.4611451373155
ID609,C,2574.1434157353456,384.6641791165807,-2189.479236618765
ID610,C,2716.928853357475,396.3245348467632,-2320.604318510712
ID611,C,2627.3758712956032,391.6314108828976,-2235.744460412706
ID612,C,2562.6743370140694,381.4671610837707,-2181.2071759302985
ID613,C,2741.752491673157,395.3173144607445,-2346.4351772124123
ID614,C,2246.9529081705714,397.74406374462694,-1849.2088444259443
ID615,C,2308.9273667445236,384.5319062882956,-1924.395460456228
ID616,C,2068.9717117779733,415.4924442003128,-1653.4792675776605
ID617,C,1964.5305024523564,413.1951580634387,-1551.3353443889177
ID618,C,2127.133323602325,397.96521846022085,-1729.1681051421042
ID619,C,3007.098465053631,395.4227935519238,-2611.6756715017073
ID620,C,2515.566775400414,392.4037366545401,-2123.1630387458736
ID621,C,2093.1115525429695,422.96420820221846,-1670.147344340751
ID622,C,2127.1937559030343,396.9454277845806,-1730.2483281184536
ID623,C,2499.1767115101247,447.2023325975456,-2051.974378912579
ID624,C,2945.4077509430044,409.38390317909284,-2536.0238477639114
ID625,C,2351.1770468877075,392.17836545642757,-1958.99868143128
ID626,C,1966.0432928492787,403.57053958496095,-1562.4727532643178
ID627,C,2688.366317780243,397.17507840685136,-2291.191239373392
ID628,C,2347.186937626544,413.5449774151293,-1933.6419602114147
ID629,C,2488.6065481062096,420.24851770061855,-2068.3580304055913
ID630,C,2136.680289867802,402.0486696348582,-1734.6316202329438
ID631,C,2705.420043541403,401.4252961671064,-2303.994747374297
ID632,C,2581.3212184104364,406.2252412294091,-2175.095977181027
ID633,C,2748.283319871808,408.2350380772417,-2340.0482817945663
ID634,C,2031.9489851016124,404.9039386921855,-1627.045046409427
ID635,C,2751.2264688160258,420.63143992932373,-2330.595028886702
ID636,C,2855.7069385097925,388.69846195805536,-2467.008476551737
ID637,C,2431.9203421168418,404.6380494083421,-2027.2822927084997
ID638,C,3062.585375950492,389.94793983193375,-2672.6374361185585
ID639,C,2940.23809098719,388.2001513523769,-2552.037939634813
ID640,C,2176.759236956699,388.9754606313757,-1787.7837763253235
ID641,C,2500.787915502446,402.6040592516616,-2098.1838562507846
ID642,C,1956.2288102366015,377.12596392551535,-1579.102846311086
ID643,C,2126.3880565594272,400.253322266754,-1726.1347342926733
ID644,C,2617.1154236871344,401.3554488091356,-2215.7599748779985
ID645,C,2548.7496835630864,400.00751195078175,-2148.7421716123044
ID646,C,2903.1613788215764,399.51538463349635,-2503.64599418808
ID647,C,3046.242439956533,396.9612930562032,-2649.28114690033
ID648,C,2499.5925315522586,404.20871613967626,-2095.3838154125824
ID649,C,3032.402319614792,416.21855833343335,-2616.1837612813583
ID650,C,2567.4336397428547,411.6215633896756,-2155.8120763531792
ID651,C,2724.721475342299,393.52215947907064,-2331.1993158632285
ID652,C,2717.546087572293,414.0464755577291,-2303.499612014564
ID653,C,2523.0982467418667,381.2624379784836,-2141.8358087633833
ID654,C,2434.0707535067104,424.5521537500375,-2009.5185997566728
ID655,C,2130.3015716482896,410.8563231582864,-1719.4452484900032
ID656,C,2774.7792530372744,420.8577718086442,-2353.92148122863
ID657,C,3041.5752532549254,402.513576665991,-2639.0616765889345
ID658,C,2494.782525534046,418.08279699402937,-2076.6997285400166
ID659,C,2192.0904588953063,386.58826677835316,-1805.5021921169532
ID660,C,2548.276546613537,407.64637435621654,-2140.6301722573203
ID661,C,2684.1697694233762,414.5038101314981,-2269.665959291878
ID662,C,2655.397959579559,405.2445765412491,-2250.15338303831
ID663,C,2463.358494512864,401.93543907925704,-2061.4230554336073
ID664,C,2654.7007686186544,385.9364751140242,-2268.76429350463
ID665,C,2527.8571756608367,393.40312670386913,-2134.4540489569677
ID666,C,2486.10361822219,358.41223353388125,-2127.691384688309
ID667,C,2369.9534156533728,402.64221758662137,-1967.3111980667513
ID668,C,2562.531623501925,400.2217722795498,-2162.309851222375
ID669,C,2165.76381814923,394.8799232358681,-1770.8838949133617
ID670,C,2498.873512211977,420.48457077109754,-2078.3889414408795
ID671,C,2619.573328544723,385.243804346372,-2234.329524198351
ID672,C,2383.8044924871374,409.74640225723545,-1974.058090229902
ID673,C,2661.1319789730383,413.39307859033863,-2247.7389003826997
ID674,C,2534.556016894572,384.88114242503843,-2149.6748744695337
ID675,C,2694.748508325042,412.8792488963828,-2281.8692594286595
ID676,C,2304.378503194675,393.36928855414743,-1911.0092146405275
ID677,C,2577.8943675732585,394.6069184983846,-2183.287449074874
ID678,C,2726.324016334999,378.64839754572535,-2347.675618789274
ID679,C,2625.4912193285154,401.4390472248036,-2224.0521721037117
ID680,C,2678.654555831107,403.35851894122817,-2275.2960368898785
ID681,C,3207.09354861305,389.3164096319185,-2817.777138981132
ID682,C,2504.0629938139114,416.5314885758056,-2087.5315052381056
ID683,C,2760.95745783123,428.5186393882878,-2332.438818442942
ID684,C,2823.0065560307144,429.5848677621497,-2393.4216882685646
ID685,C,2165.3902531443077,401.42007678846835,-1763.9701763558394
ID686,C,2665.688289078758,422.7227538849894,-2242.9655351937686
ID687,C,2231.8504767764593,392.77787977013514,-1839.0725970063243
ID688,C,2678.80375501866,424.8776677943624,-2253.9260872242976
ID689,C,2191.0969808495806,425.7312482911435,-1765.3657325584372
ID690,C,2644.5801716138617,398.5789556849479,-2246.0012159289136
ID691,C,2493.948712274831,377.1413561269092,-2116.807356147922
ID692,C,2338.7154470657633,402.1306449258915,-1936.584802139872
ID693,C,2802.2139978902887,390.13585123373946,-2412.0781466565495
ID694,C,2423.388326094981,385.018927270603,-2038.369398824378
ID695,C,2533.8035277101044,387.5425838955314,-2146.260943814573
ID696,C,2255.672760932836,393.08849446823217,-1862.5842664646038
ID697,C,1747.0734801539234,403.42446202419615,-1343.6490181297272
ID698,C,2685.139907771566,387.9113243657395,-2297.2285834058266
ID699,C,2528.2815911052708,410.81975981063727,-2117.4618312946336
ID700,C,2732.84072038649,408.16712467597824,-2324.6735957105116
ID701,C,2603.9221380204867,415.50609941277713,-2188.4160386077097
ID702,C,2218.321094630068,381.7678203113679,-1836.5532743187
ID703,C,1893.5887345900414,435.52992189717276,-1458.0588126928687
ID704,C,2749.3025532714432,385.90621827635835,-2363.396334995085
ID705,C,2769.145726804645,402.5899679872802,-2366.555758817365
ID706,C,2318.753655694756,398.87170300455864,-1919.8819526901975
ID707,C,2383.2998153582616,372.8611457082961,-2010.4386696499655
ID708,C,2068.3540523374354,388.35931984348287,-1679.9947324939526
ID709,C,2355.8751168752774,424.2662766204932,-1931.6088402547841
ID710,C,2911.824905450714,420.3389096007348,-2491.485995849979
ID711,C,2429.343054465633,411.1049922777123,-2018.2380621879206
ID712,C,2609.253838174765,390.3428432386275,-2218.9109949361373
ID713,C,2368.824904913711,394.80108970030767,-1974.0238152134034
ID714,C,2260.874619313475,413.9589769532541,-1846.9156423602208
ID715,C,2473.3850966234577,416.291148523655,-2057.0939480998027
ID716,C,2685.0557622819715,412.39985039621155,-2272.65591188576
ID717,C,2496.0949947314193,416.95932791828494,-2079.1356668131343
ID718,C,2714.0491848874376,425.90015725985205,-2288.1490276275854
ID719,C,2413.25544042225,396.6003175074998,-2016.6551229147503
ID720,C,2167.126122091393,404.84534401038206,-1762.2807780810108
ID721,C,2747.2411517665946,389.51883568349024,-2357.7223160831045
ID722,C,2371.256525153114,408.39853489510887,-1962.8579902580052
ID723,C,2286.5167406220344,398.2097759587348,-1888.3069646632996
ID724,C,1772.2630723278717,410.6685053652532,-1361.5945669626185
ID725,C,2040.8000957640384,402.0417108435472,-1638.7583849204912
ID726,C,2457.9716988641007,406.90070250812283,-2051.070996355978
ID727,C,2559.1941974777747,395.71294882291073,-2163.481248654864
ID728,C,2578.5072453527696,379.224786704614,-2199.2824586481556
ID729,C,2598.861195846052,423.31772121601676,-2175.5434746300352
ID730,C,2784.573521934327,412.3319854056909,-2372.241536528636
ID731,C,2823.208751105182,405.9721777855901,-2417.2365733195916
ID732,C,3252.4988925389816,378.47083229909094,-2874.0280602398907
ID733,C,2805.8110450522972,381.6970970358265,-2424.1139480164707
ID734,C,3034.729247359689,413.50633650767764,-2621.2229108520114
ID735,C,2222.0238370179177,408.56245750077403,-1813.4613795171435
ID736,C,2447.86224462753,385.23059194153115,-2062.6316526859987
ID737,C,2695.8930759060668,405.19679482667544,-2290.696281079391
ID738,C,2353.159820180046,425.3021522054378,-1927.8576679746084
ID739,C,2618.721330772132,428.0756015561635,-2190.6457292159685
ID740,C,1963.8648208122167,435.293993283806,-1528.5708275284107
ID741,C,2744.238839986844,396.00476648591604,-2348.234073500928
ID742,C,2938.8432990300034,402.72044443075754,-2536.122854599246
ID743,C,2881.4571631177337,390.50314574541136,-2490.954017372322
ID744,C,2458.8806101763585,413.61526430091936,-2045.2653458754392
ID745,C,2781.6514266734684,422.98032603857393,-2358.6711006348946
ID746,C,2468.0388538877314,398.2800584839111,-2069.7587954038204
ID747,C,2755.3476978629146,416.9930231350109,-2338.354674727904
ID748,C,1982.0476242959014,439.8665794681236,-1542.181044827778
ID749,C,2284.3759744262597,411.90156653128605,-1872.4744078949736
ID750,C,2290.3205203813272,406.49461800661084,-1883.8259023747164
ID751,C,2734.543983975918,401.30395289070526,-2333.2400310852126
ID752,C,2872.660274963308,415.79190297227217,-2456.868371991036
ID753,C,2624.0282790228125,398.46300106284053,-2225.565277959972
ID754,C,2529.4135064372113,412.5091497661188,-2116.9043566710925
ID755,C,2802.4058985814627,397.50779578726673,-2404.898102794196
ID756,C,1847.1410762769742,389.0694722131154,-1458.0716040638588
ID757,C,2258.2152525954107,413.0670832442086,-1845.1481693512021
ID758,C,2550.400849615154,388.47649518347424,-2161.92435443168
ID759,C,2419.653640736708,374.98130076351663,-2044.6723399731914
ID760,C,2455.6531806367134,389.5799212708832,-2066.0732593658304
ID761,C,2731.079316626125,410.61661145001347,-2320.4627051761117
ID762,C,2550.714624378035,384.18935207336546,-2166.525272304669
ID763,C,2438.434319724269,408.6415617048004,-2029.7927580194685
ID764,C,2162.2020556952248,398.82515118793026,-1763.3769045072945
ID765,C,2471.2254402154476,383.6210104844523,-2087.6044297309954
ID766,C,2292.5110654037085,387.28556819112663,-1905.2254972125818
ID767,C,2628.2758724170926,437.39876965605407,-2190.8771027610387
ID768,C,2350.2388338322367,443.8633527211059,-1906.3754811111307
ID769,C,2512.043213660727,410.20168043801874,-2101.841533222708
ID770,C,2516.369602340417,420.164965748823,-2096.204636591594
ID771,C,1794.5488623617007,394.46184681846796,-1400.0870155432326
ID772,C,2366.221012573315,415.76359025262155,-1950.4574223206935
ID773,C,2469.7129400728413,364.6038697083083,-2105.109070364533
ID774,C,2063.9172689699026,380.6515140727047,-1683.265754897198
ID775,C,2629.1260806415116,400.98604696179564,-2228.140033679716
ID776,C,2808.028048099265,383.14912028521684,-2424.8789278140484
ID777,C,2675.6233470905927,421.9439594572426,-2253.67938763335
ID778,C,2565.2412095872846,393.40564177130494,-2171.8355678159796
ID779,C,2181.7825571773965,411.2702938881148,-1770.5122632892817
ID780,C,2432.9971232906078,407.4736535612278,-2025.52346972938
ID781,C,2784.8629327822478,383.5178672389311,-2401.3450655433167
ID782,C,2708.0208517679603,431.1405805046934,-2276.880271263267
ID783,C,2295.811632001632,407.73484776605864,-1888.0767842355733
ID784,C,2338.7598699583996,374.40373233345235,-1964.3561376249472
ID785,C,2874.121026962142,398.5179966446419,-2475.6030303175003
ID786,C,2052.219700771908,422.3009111470373,-1629.9187896248704
ID787,C,2725.258988662827,392.6411659150475,-2332.6178227477794
ID788,C,2490.381454718012,432.70005896193305,-2057.681395756079
ID789,C,3229.7339512838553,424.188964466517,-2805.544986817338
ID790,C,2658.9854413884786,409.95219749450973,-2249.033243893969
ID791,C,2711.386524004511,417.69292937465866,-2293.6935946298527
ID792,C,2511.8801360643142,411.52673184518784,-2100.3534042191263
ID793,C,2077.8371660211424,382.4216054309954,-1695.415560590147
ID794,C,2388.9546211643847,388.0249502912476,-2000.9296708731372
ID795,C,2116.119011326693,387.6596852239791,-1728.459326102714
ID796,C,2639.683219633028,406.4191573607101,-2233.264062272318
ID797,C,2979.19405932815,426.5332064497007,-2552.6608528784495
ID798,C,2143.971730506459,376.8354420843557,-1767.1362884221035
ID799,C,2001.719131681934,399.8328281916524,-1601.8863034902815
